{"circuitId":{"0":1,"1":2,"2":3,"3":4,"4":5,"5":6,"6":7,"7":8,"8":9,"9":10,"10":11,"11":12,"12":13,"13":14,"14":15,"15":16,"16":17,"17":18,"18":19,"19":20,"20":21,"21":22,"22":23,"23":24,"24":25,"25":26,"26":27,"27":28,"28":29,"29":30,"30":31,"31":32,"32":33,"33":34,"34":35,"35":36,"36":37,"37":38,"38":39,"39":40,"40":41,"41":42,"42":43,"43":44,"44":45,"45":46,"46":47,"47":48,"48":49,"49":50,"50":51,"51":52,"52":53,"53":54,"54":55,"55":56,"56":57,"57":58,"58":59,"59":60,"60":61,"61":62,"62":63,"63":64,"64":65,"65":66,"66":67,"67":68,"68":69,"69":70,"70":71,"71":72,"72":73,"73":74,"74":75,"75":76,"76":77,"77":78,"78":79},"circuitRef":{"0":"albert_park","1":"sepang","2":"bahrain","3":"catalunya","4":"istanbul","5":"monaco","6":"villeneuve","7":"magny_cours","8":"silverstone","9":"hockenheimring","10":"hungaroring","11":"valencia","12":"spa","13":"monza","14":"marina_bay","15":"fuji","16":"shanghai","17":"interlagos","18":"indianapolis","19":"nurburgring","20":"imola","21":"suzuka","22":"osterreichring","23":"yas_marina","24":"galvez","25":"jerez","26":"estoril","27":"okayama","28":"adelaide","29":"kyalami","30":"donington","31":"rodriguez","32":"phoenix","33":"ricard","34":"yeongam","35":"jacarepagua","36":"detroit","37":"brands_hatch","38":"zandvoort","39":"zolder","40":"dijon","41":"dallas","42":"long_beach","43":"las_vegas","44":"jarama","45":"watkins_glen","46":"anderstorp","47":"mosport","48":"montjuic","49":"nivelles","50":"charade","51":"tremblant","52":"essarts","53":"lemans","54":"reims","55":"george","56":"zeltweg","57":"aintree","58":"boavista","59":"riverside","60":"avus","61":"monsanto","62":"sebring","63":"ain-diab","64":"pescara","65":"bremgarten","66":"pedralbes","67":"buddh","68":"americas","69":"red_bull_ring","70":"sochi","71":"port_imperial","72":"BAK","73":"hanoi","74":"portimao","75":"mugello","76":"jeddah","77":"losail","78":"miami"},"name":{"0":"Albert Park Grand Prix Circuit","1":"Sepang International Circuit","2":"Bahrain International Circuit","3":"Circuit de Barcelona-Catalunya","4":"Istanbul Park","5":"Circuit de Monaco","6":"Circuit Gilles Villeneuve","7":"Circuit de Nevers Magny-Cours","8":"Silverstone Circuit","9":"Hockenheimring","10":"Hungaroring","11":"Valencia Street Circuit","12":"Circuit de Spa-Francorchamps","13":"Autodromo Nazionale di Monza","14":"Marina Bay Street Circuit","15":"Fuji Speedway","16":"Shanghai International Circuit","17":"Aut\u00f3dromo Jos\u00e9 Carlos Pace","18":"Indianapolis Motor Speedway","19":"N\u00fcrburgring","20":"Autodromo Enzo e Dino Ferrari","21":"Suzuka Circuit","22":"A1-Ring","23":"Yas Marina Circuit","24":"Aut\u00f3dromo Juan y Oscar G\u00e1lvez","25":"Circuito de Jerez","26":"Aut\u00f3dromo do Estoril","27":"Okayama International Circuit","28":"Adelaide Street Circuit","29":"Kyalami","30":"Donington Park","31":"Aut\u00f3dromo Hermanos Rodr\u00edguez","32":"Phoenix street circuit","33":"Circuit Paul Ricard","34":"Korean International Circuit","35":"Aut\u00f3dromo Internacional Nelson Piquet","36":"Detroit Street Circuit","37":"Brands Hatch","38":"Circuit Park Zandvoort","39":"Zolder","40":"Dijon-Prenois","41":"Fair Park","42":"Long Beach","43":"Las Vegas Street Circuit","44":"Jarama","45":"Watkins Glen","46":"Scandinavian Raceway","47":"Mosport International Raceway","48":"Montju\u00efc","49":"Nivelles-Baulers","50":"Charade Circuit","51":"Circuit Mont-Tremblant","52":"Rouen-Les-Essarts","53":"Le Mans","54":"Reims-Gueux","55":"Prince George Circuit","56":"Zeltweg","57":"Aintree","58":"Circuito da Boavista","59":"Riverside International Raceway","60":"AVUS","61":"Monsanto Park Circuit","62":"Sebring International Raceway","63":"Ain Diab","64":"Pescara Circuit","65":"Circuit Bremgarten","66":"Circuit de Pedralbes","67":"Buddh International Circuit","68":"Circuit of the Americas","69":"Red Bull Ring","70":"Sochi Autodrom","71":"Port Imperial Street Circuit","72":"Baku City Circuit","73":"Hanoi Street Circuit","74":"Aut\u00f3dromo Internacional do Algarve","75":"Autodromo Internazionale del Mugello","76":"Jeddah Corniche Circuit","77":"Losail International Circuit","78":"Miami International Autodrome"},"location":{"0":"Melbourne","1":"Kuala Lumpur","2":"Sakhir","3":"Montmel\u00f3","4":"Istanbul","5":"Monte-Carlo","6":"Montreal","7":"Magny Cours","8":"Silverstone","9":"Hockenheim","10":"Budapest","11":"Valencia","12":"Spa","13":"Monza","14":"Marina Bay","15":"Oyama","16":"Shanghai","17":"S\u00e3o Paulo","18":"Indianapolis","19":"N\u00fcrburg","20":"Imola","21":"Suzuka","22":"Spielberg","23":"Abu Dhabi","24":"Buenos Aires","25":"Jerez de la Frontera","26":"Estoril","27":"Okayama","28":"Adelaide","29":"Midrand","30":"Castle Donington","31":"Mexico City","32":"Phoenix","33":"Le Castellet","34":"Yeongam County","35":"Rio de Janeiro","36":"Detroit","37":"Kent","38":"Zandvoort","39":"Heusden-Zolder","40":"Dijon","41":"Dallas","42":"California","43":"Nevada","44":"Madrid","45":"New York State","46":"Anderstorp","47":"Ontario","48":"Barcelona","49":"Brussels","50":"Clermont-Ferrand","51":"Quebec","52":"Rouen","53":"Le Mans","54":"Reims","55":"Eastern Cape Province","56":"Styria","57":"Liverpool","58":"Oporto","59":"California","60":"Berlin","61":"Lisbon","62":"Florida","63":"Casablanca","64":"Pescara","65":"Bern","66":"Barcelona","67":"Uttar Pradesh","68":"Austin","69":"Spielberg","70":"Sochi","71":"New Jersey","72":"Baku","73":"Hanoi","74":"Portim\u00e3o","75":"Mugello","76":"Jeddah","77":"Al Daayen","78":"Miami"},"country":{"0":"Australia","1":"Malaysia","2":"Bahrain","3":"Spain","4":"Turkey","5":"Monaco","6":"Canada","7":"France","8":"UK","9":"Germany","10":"Hungary","11":"Spain","12":"Belgium","13":"Italy","14":"Singapore","15":"Japan","16":"China","17":"Brazil","18":"USA","19":"Germany","20":"Italy","21":"Japan","22":"Austria","23":"UAE","24":"Argentina","25":"Spain","26":"Portugal","27":"Japan","28":"Australia","29":"South Africa","30":"UK","31":"Mexico","32":"USA","33":"France","34":"Korea","35":"Brazil","36":"USA","37":"UK","38":"Netherlands","39":"Belgium","40":"France","41":"USA","42":"USA","43":"USA","44":"Spain","45":"USA","46":"Sweden","47":"Canada","48":"Spain","49":"Belgium","50":"France","51":"Canada","52":"France","53":"France","54":"France","55":"South Africa","56":"Austria","57":"UK","58":"Portugal","59":"USA","60":"Germany","61":"Portugal","62":"USA","63":"Morocco","64":"Italy","65":"Switzerland","66":"Spain","67":"India","68":"USA","69":"Austria","70":"Russia","71":"USA","72":"Azerbaijan","73":"Vietnam","74":"Portugal","75":"Italy","76":"Saudi Arabia","77":"Qatar","78":"United States"},"lat":{"0":-37.8497,"1":2.76083,"2":26.0325,"3":41.57,"4":40.9517,"5":43.7347,"6":45.5,"7":46.8642,"8":52.0786,"9":49.3278,"10":47.5789,"11":39.4589,"12":50.4372,"13":45.6156,"14":1.2914,"15":35.3717,"16":31.3389,"17":-23.7036,"18":39.795,"19":50.3356,"20":44.3439,"21":34.8431,"22":47.2197,"23":24.4672,"24":-34.6943,"25":36.7083,"26":38.7506,"27":34.915,"28":-34.9272,"29":-25.9894,"30":52.8306,"31":19.4042,"32":33.4479,"33":43.2506,"34":34.7333,"35":-22.9756,"36":42.3298,"37":51.3569,"38":52.3888,"39":50.9894,"40":47.3625,"41":32.7774,"42":33.7651,"43":36.1162,"44":40.6171,"45":42.3369,"46":57.2653,"47":44.0481,"48":41.3664,"49":50.6211,"50":45.7472,"51":46.1877,"52":49.3306,"53":47.95,"54":49.2542,"55":-33.0486,"56":47.2039,"57":53.4769,"58":41.1705,"59":33.937,"60":52.4806,"61":38.7197,"62":27.4547,"63":33.5786,"64":42.475,"65":46.9589,"66":41.3903,"67":28.3487,"68":30.1328,"69":47.2197,"70":43.4057,"71":40.7769,"72":40.3725,"73":21.0166,"74":37.227,"75":43.9975,"76":21.6319,"77":25.49,"78":25.9581},"lng":{"0":144.968,"1":101.738,"2":50.5106,"3":2.26111,"4":29.405,"5":7.42056,"6":-73.5228,"7":3.16361,"8":-1.01694,"9":8.56583,"10":19.2486,"11":-0.331667,"12":5.97139,"13":9.28111,"14":103.864,"15":138.927,"16":121.22,"17":-46.6997,"18":-86.2347,"19":6.9475,"20":11.7167,"21":136.541,"22":14.7647,"23":54.6031,"24":-58.4593,"25":-6.03417,"26":-9.39417,"27":134.221,"28":138.617,"29":28.0767,"30":-1.37528,"31":-99.0907,"32":-112.075,"33":5.79167,"34":126.417,"35":-43.395,"36":-83.0401,"37":0.263056,"38":4.54092,"39":5.25694,"40":4.89913,"41":-96.7587,"42":-118.189,"43":-115.174,"44":-3.58558,"45":-76.9272,"46":13.6042,"47":-78.6756,"48":2.15167,"49":4.32694,"50":3.03889,"51":-74.6099,"52":1.00458,"53":0.224231,"54":3.93083,"55":27.8736,"56":14.7478,"57":-2.94056,"58":-8.67325,"59":-117.273,"60":13.2514,"61":-9.20306,"62":-81.3483,"63":-7.6875,"64":14.1508,"65":7.40194,"66":2.11667,"67":77.5331,"68":-97.6411,"69":14.7647,"70":39.9578,"71":-74.0111,"72":49.8533,"73":105.766,"74":-8.6267,"75":11.3719,"76":39.1044,"77":51.4542,"78":-80.2389},"alt":{"0":"10","1":"18","2":"7","3":"109","4":"130","5":"7","6":"13","7":"228","8":"153","9":"103","10":"264","11":"4","12":"401","13":"162","14":"18","15":"583","16":"5","17":"785","18":"223","19":"578","20":"37","21":"45","22":"678","23":"3","24":"8","25":"37","26":"130","27":"266","28":"58","29":"1460","30":"88","31":"2227","32":"345","33":"432","34":"0","35":"1126","36":"177","37":"145","38":"6","39":"36","40":"484","41":"139","42":"12","43":"639","44":"609","45":"485","46":"153","47":"332","48":"79","49":"139","50":"790","51":"214","52":"81","53":"67","54":"88","55":"15","56":"676","57":"20","58":"28","59":"470","60":"53","61":"158","62":"18","63":"19","64":"129","65":"551","66":"85","67":"194","68":"161","69":"678","70":"2","71":"4","72":"-7","73":"9","74":"108","75":"255","76":"15","77":"\\N","78":"\\N"},"url":{"0":"http:\/\/en.wikipedia.org\/wiki\/Melbourne_Grand_Prix_Circuit","1":"http:\/\/en.wikipedia.org\/wiki\/Sepang_International_Circuit","2":"http:\/\/en.wikipedia.org\/wiki\/Bahrain_International_Circuit","3":"http:\/\/en.wikipedia.org\/wiki\/Circuit_de_Barcelona-Catalunya","4":"http:\/\/en.wikipedia.org\/wiki\/Istanbul_Park","5":"http:\/\/en.wikipedia.org\/wiki\/Circuit_de_Monaco","6":"http:\/\/en.wikipedia.org\/wiki\/Circuit_Gilles_Villeneuve","7":"http:\/\/en.wikipedia.org\/wiki\/Circuit_de_Nevers_Magny-Cours","8":"http:\/\/en.wikipedia.org\/wiki\/Silverstone_Circuit","9":"http:\/\/en.wikipedia.org\/wiki\/Hockenheimring","10":"http:\/\/en.wikipedia.org\/wiki\/Hungaroring","11":"http:\/\/en.wikipedia.org\/wiki\/Valencia_Street_Circuit","12":"http:\/\/en.wikipedia.org\/wiki\/Circuit_de_Spa-Francorchamps","13":"http:\/\/en.wikipedia.org\/wiki\/Autodromo_Nazionale_Monza","14":"http:\/\/en.wikipedia.org\/wiki\/Marina_Bay_Street_Circuit","15":"http:\/\/en.wikipedia.org\/wiki\/Fuji_Speedway","16":"http:\/\/en.wikipedia.org\/wiki\/Shanghai_International_Circuit","17":"http:\/\/en.wikipedia.org\/wiki\/Aut%C3%B3dromo_Jos%C3%A9_Carlos_Pace","18":"http:\/\/en.wikipedia.org\/wiki\/Indianapolis_Motor_Speedway","19":"http:\/\/en.wikipedia.org\/wiki\/N%C3%BCrburgring","20":"http:\/\/en.wikipedia.org\/wiki\/Autodromo_Enzo_e_Dino_Ferrari","21":"http:\/\/en.wikipedia.org\/wiki\/Suzuka_Circuit","22":"http:\/\/en.wikipedia.org\/wiki\/A1-Ring","23":"http:\/\/en.wikipedia.org\/wiki\/Yas_Marina_Circuit","24":"http:\/\/en.wikipedia.org\/wiki\/Aut%C3%B3dromo_Oscar_Alfredo_G%C3%A1lvez","25":"http:\/\/en.wikipedia.org\/wiki\/Circuito_Permanente_de_Jerez","26":"http:\/\/en.wikipedia.org\/wiki\/Aut%C3%B3dromo_do_Estoril","27":"http:\/\/en.wikipedia.org\/wiki\/TI_Circuit","28":"http:\/\/en.wikipedia.org\/wiki\/Adelaide_Street_Circuit","29":"http:\/\/en.wikipedia.org\/wiki\/Kyalami","30":"http:\/\/en.wikipedia.org\/wiki\/Donington_Park","31":"http:\/\/en.wikipedia.org\/wiki\/Aut%C3%B3dromo_Hermanos_Rodr%C3%ADguez","32":"http:\/\/en.wikipedia.org\/wiki\/Phoenix_street_circuit","33":"http:\/\/en.wikipedia.org\/wiki\/Paul_Ricard_Circuit","34":"http:\/\/en.wikipedia.org\/wiki\/Korean_International_Circuit","35":"http:\/\/en.wikipedia.org\/wiki\/Aut%C3%B3dromo_Internacional_Nelson_Piquet","36":"http:\/\/en.wikipedia.org\/wiki\/Detroit_street_circuit","37":"http:\/\/en.wikipedia.org\/wiki\/Brands_Hatch","38":"http:\/\/en.wikipedia.org\/wiki\/Circuit_Zandvoort","39":"http:\/\/en.wikipedia.org\/wiki\/Zolder","40":"http:\/\/en.wikipedia.org\/wiki\/Dijon-Prenois","41":"http:\/\/en.wikipedia.org\/wiki\/Fair_Park","42":"http:\/\/en.wikipedia.org\/wiki\/Long_Beach,_California","43":"http:\/\/en.wikipedia.org\/wiki\/Las_Vegas,_Nevada","44":"http:\/\/en.wikipedia.org\/wiki\/Circuito_Permanente_Del_Jarama","45":"http:\/\/en.wikipedia.org\/wiki\/Watkins_Glen_International","46":"http:\/\/en.wikipedia.org\/wiki\/Scandinavian_Raceway","47":"http:\/\/en.wikipedia.org\/wiki\/Mosport","48":"http:\/\/en.wikipedia.org\/wiki\/Montju%C3%AFc_circuit","49":"http:\/\/en.wikipedia.org\/wiki\/Nivelles-Baulers","50":"http:\/\/en.wikipedia.org\/wiki\/Charade_Circuit","51":"http:\/\/en.wikipedia.org\/wiki\/Circuit_Mont-Tremblant","52":"http:\/\/en.wikipedia.org\/wiki\/Rouen-Les-Essarts","53":"http:\/\/en.wikipedia.org\/wiki\/Circuit_de_la_Sarthe#Bugatti_Circuit","54":"http:\/\/en.wikipedia.org\/wiki\/Reims-Gueux","55":"http:\/\/en.wikipedia.org\/wiki\/Prince_George_Circuit","56":"http:\/\/en.wikipedia.org\/wiki\/Zeltweg_Airfield","57":"http:\/\/en.wikipedia.org\/wiki\/Aintree_Motor_Racing_Circuit","58":"http:\/\/en.wikipedia.org\/wiki\/Circuito_da_Boavista","59":"http:\/\/en.wikipedia.org\/wiki\/Riverside_International_Raceway","60":"http:\/\/en.wikipedia.org\/wiki\/AVUS","61":"http:\/\/en.wikipedia.org\/wiki\/Monsanto_Park_Circuit","62":"http:\/\/en.wikipedia.org\/wiki\/Sebring_Raceway","63":"http:\/\/en.wikipedia.org\/wiki\/Ain-Diab_Circuit","64":"http:\/\/en.wikipedia.org\/wiki\/Pescara_Circuit","65":"http:\/\/en.wikipedia.org\/wiki\/Circuit_Bremgarten","66":"http:\/\/en.wikipedia.org\/wiki\/Pedralbes_Circuit","67":"http:\/\/en.wikipedia.org\/wiki\/Buddh_International_Circuit","68":"http:\/\/en.wikipedia.org\/wiki\/Circuit_of_the_Americas","69":"http:\/\/en.wikipedia.org\/wiki\/Red_Bull_Ring","70":"http:\/\/en.wikipedia.org\/wiki\/Sochi_Autodrom","71":"http:\/\/en.wikipedia.org\/wiki\/Port_Imperial_Street_Circuit","72":"http:\/\/en.wikipedia.org\/wiki\/Baku_City_Circuit","73":"http:\/\/en.wikipedia.org\/wiki\/Hanoi_Street_Circuit","74":"http:\/\/en.wikipedia.org\/wiki\/Algarve_International_Circuit","75":"http:\/\/en.wikipedia.org\/wiki\/Mugello_Circuit","76":"http:\/\/en.wikipedia.org\/wiki\/Jeddah_Street_Circuit","77":"http:\/\/en.wikipedia.org\/wiki\/Losail_International_Circuit","78":"http:\/\/en.wikipedia.org\/wiki\/Miami_International_Autodrome"}}